time,position
0.000000000000e+00,-8.000000000000e-05
4.008016032064e-08,-7.999998716157e-05
8.016032064128e-08,-7.999989760148e-05
1.202404809619e-07,-7.999965544595e-05
1.603206412826e-07,-7.999918574274e-05
2.004008016032e-07,-7.999841445747e-05
2.404809619238e-07,-7.999726846987e-05
2.805611222445e-07,-7.999567557006e-05
3.206412825651e-07,-7.999356445484e-05
3.607214428858e-07,-7.999086472393e-05
4.008016032064e-07,-7.998750687629e-05
4.408817635271e-07,-7.998342230638e-05
4.809619238477e-07,-7.997854330044e-05
5.210420841683e-07,-7.997280303274e-05
5.611222444890e-07,-7.996613556190e-05
6.012024048096e-07,-7.995847582712e-05
6.412825651303e-07,-7.994975964451e-05
6.813627254509e-07,-7.993992370332e-05
7.214428857715e-07,-7.992890556223e-05
7.615230460922e-07,-7.991664364565e-05
8.016032064128e-07,-7.990307723996e-05
8.416833667335e-07,-7.988814648981e-05
8.817635270541e-07,-7.987179239439e-05
9.218436873747e-07,-7.985395680370e-05
9.619238476954e-07,-7.983458241484e-05
1.002004008016e-06,-7.981361276828e-05
1.042084168337e-06,-7.979099224413e-05
1.082164328657e-06,-7.976666605843e-05
1.122244488978e-06,-7.974058025942e-05
1.162324649299e-06,-7.971268172381e-05
1.202404809619e-06,-7.968291815306e-05
1.242484969940e-06,-7.965123806967e-05
1.282565130261e-06,-7.961759081343e-05
1.322645290581e-06,-7.958192653772e-05
1.362725450902e-06,-7.954419620579e-05
1.402805611222e-06,-7.950435158699e-05
1.442885771543e-06,-7.946234525313e-05
1.482965931864e-06,-7.941813057466e-05
1.523046092184e-06,-7.937166171703e-05
1.563126252505e-06,-7.932289363691e-05
1.603206412826e-06,-7.927178207850e-05
1.643286573146e-06,-7.921828356979e-05
1.683366733467e-06,-7.916235541882e-05
1.723446893788e-06,-7.910395571002e-05
1.763527054108e-06,-7.904304330040e-05
1.803607214429e-06,-7.897957781589e-05
1.843687374749e-06,-7.891351964761e-05
1.883767535070e-06,-7.884482994811e-05
1.923847695391e-06,-7.877347062767e-05
1.963927855711e-06,-7.869940435059e-05
2.004008016032e-06,-7.862259453145e-05
2.044088176353e-06,-7.854300533138e-05
2.084168336673e-06,-7.846060165435e-05
2.124248496994e-06,-7.837534914344e-05
2.164328657315e-06,-7.828721417712e-05
2.204408817635e-06,-7.819616386554e-05
2.244488977956e-06,-7.810216604676e-05
2.284569138277e-06,-7.800518928308e-05
2.324649298597e-06,-7.790520285730e-05
2.364729458918e-06,-7.780217676897e-05
2.404809619238e-06,-7.769608173071e-05
2.444889779559e-06,-7.758688916444e-05
2.484969939880e-06,-7.747457119770e-05
2.525050100200e-06,-7.735910065990e-05
2.565130260521e-06,-7.724045107860e-05
2.605210420842e-06,-7.711859667581e-05
2.645290581162e-06,-7.699351236421e-05
2.685370741483e-06,-7.686517374350e-05
2.725450901804e-06,-7.673355709662e-05
2.765531062124e-06,-7.659863938605e-05
2.805611222445e-06,-7.646039825009e-05
2.845691382766e-06,-7.631881199910e-05
2.885771543086e-06,-7.617385961186e-05
2.925851703407e-06,-7.602552073173e-05
2.965931863727e-06,-7.587377566304e-05
3.006012024048e-06,-7.571860536729e-05
3.046092184369e-06,-7.555999145945e-05
3.086172344689e-06,-7.539791620425e-05
3.126252505010e-06,-7.523236251245e-05
3.166332665331e-06,-7.506331393708e-05
3.206412825651e-06,-7.489075466978e-05
3.246492985972e-06,-7.471466953703e-05
3.286573146293e-06,-7.453504399646e-05
3.326653306613e-06,-7.435186413307e-05
3.366733466934e-06,-7.416511665557e-05
3.406813627255e-06,-7.397478889264e-05
3.446893787575e-06,-7.378086878916e-05
3.486973947896e-06,-7.358334490257e-05
3.527054108216e-06,-7.338220639907e-05
3.567134268537e-06,-7.317744304992e-05
3.607214428858e-06,-7.296904522775e-05
3.647294589178e-06,-7.275700390280e-05
3.687374749499e-06,-7.254131063918e-05
3.727454909820e-06,-7.232195759121e-05
3.767535070140e-06,-7.209893749965e-05
3.807615230461e-06,-7.187224368796e-05
3.847695390782e-06,-7.164187005864e-05
3.887775551102e-06,-7.140781108943e-05
3.927855711423e-06,-7.117006182966e-05
3.967935871743e-06,-7.092861789647e-05
4.008016032064e-06,-7.068347547112e-05
4.048096192385e-06,-7.043463129524e-05
4.088176352705e-06,-7.018208266713e-05
4.128256513026e-06,-6.992582743805e-05
4.168336673347e-06,-6.966586400842e-05
4.208416833667e-06,-6.940219132421e-05
4.248496993988e-06,-6.913480887312e-05
4.288577154309e-06,-6.886371668090e-05
4.328657314629e-06,-6.858891530763e-05
4.368737474950e-06,-6.831040584398e-05
4.408817635271e-06,-6.802818990749e-05
4.448897795591e-06,-6.774226963886e-05
4.488977955912e-06,-6.745264769821e-05
4.529058116232e-06,-6.715932726136e-05
4.569138276553e-06,-6.686231201612e-05
4.609218436874e-06,-6.656160615854e-05
4.649298597194e-06,-6.625721438922e-05
4.689378757515e-06,-6.594914190955e-05
4.729458917836e-06,-6.563739441802e-05
4.769539078156e-06,-6.532197810648e-05
4.809619238477e-06,-6.500289965641e-05
4.849699398798e-06,-6.468016623521e-05
4.889779559118e-06,-6.435378549249e-05
4.929859719439e-06,-6.402376555628e-05
4.969939879760e-06,-6.369011502941e-05
5.010020040080e-06,-6.335284298570e-05
5.050100200401e-06,-6.301195896626e-05
5.090180360721e-06,-6.266747297580e-05
5.130260521042e-06,-6.231939547887e-05
5.170340681363e-06,-6.196773739613e-05
5.210420841683e-06,-6.161251010067e-05
5.250501002004e-06,-6.125372541425e-05
5.290581162325e-06,-6.089139560358e-05
5.330661322645e-06,-6.052553337661e-05
5.370741482966e-06,-6.015615187880e-05
5.410821643287e-06,-5.978326468938e-05
5.450901803607e-06,-5.940688581768e-05
5.490981963928e-06,-5.902702969933e-05
5.531062124248e-06,-5.864371119259e-05
5.571142284569e-06,-5.825694557462e-05
5.611222444890e-06,-5.786674853775e-05
5.651302605210e-06,-5.747313618573e-05
5.691382765531e-06,-5.707612503006e-05
5.731462925852e-06,-5.667573198622e-05
5.771543086172e-06,-5.627197436999e-05
5.811623246493e-06,-5.586486989366e-05
5.851703406814e-06,-5.545443666239e-05
5.891783567134e-06,-5.504069317042e-05
5.931863727455e-06,-5.462365829737e-05
5.971943887776e-06,-5.420335130453e-05
6.012024048096e-06,-5.377979183112e-05
6.052104208417e-06,-5.335299989056e-05
6.092184368737e-06,-5.292299586678e-05
6.132264529058e-06,-5.248980051044e-05
6.172344689379e-06,-5.205343493527e-05
6.212424849699e-06,-5.161392061430e-05
6.252505010020e-06,-5.117127937616e-05
6.292585170341e-06,-5.072553340135e-05
6.332665330661e-06,-5.027670521851e-05
6.372745490982e-06,-4.982481770070e-05
6.412825651303e-06,-4.936989406170e-05
6.452905811623e-06,-4.891195785223e-05
6.492985971944e-06,-4.845103295629e-05
6.533066132265e-06,-4.798714358741e-05
6.573146292585e-06,-4.752031428491e-05
6.613226452906e-06,-4.705056991019e-05
6.653306613226e-06,-4.657793564302e-05
6.693386773547e-06,-4.610243697780e-05
6.733466933868e-06,-4.562409971984e-05
6.773547094188e-06,-4.514294998165e-05
6.813627254509e-06,-4.465901417917e-05
6.853707414830e-06,-4.417231902812e-05
6.893787575150e-06,-4.368289154022e-05
6.933867735471e-06,-4.319075901948e-05
6.973947895792e-06,-4.269594905849e-05
7.014028056112e-06,-4.219848953467e-05
7.054108216433e-06,-4.169840860658e-05
7.094188376754e-06,-4.119573471017e-05
7.134268537074e-06,-4.069049655508e-05
7.174348697395e-06,-4.018272312089e-05
7.214428857715e-06,-3.967244365341e-05
7.254509018036e-06,-3.915968766095e-05
7.294589178357e-06,-3.864448491063e-05
7.334669338677e-06,-3.812686542459e-05
7.374749498998e-06,-3.760685947633e-05
7.414829659319e-06,-3.708449758696e-05
7.454909819639e-06,-3.655981052147e-05
7.494989979960e-06,-3.603282928502e-05
7.535070140281e-06,-3.550358511922e-05
7.575150300601e-06,-3.497210949838e-05
7.615230460922e-06,-3.443843412581e-05
7.655310621242e-06,-3.390259093010e-05
7.695390781563e-06,-3.336461206138e-05
7.735470941884e-06,-3.282452988761e-05
7.775551102204e-06,-3.228237699084e-05
7.815631262525e-06,-3.173818616350e-05
7.855711422846e-06,-3.119199040469e-05
7.895791583166e-06,-3.064382291641e-05
7.935871743487e-06,-3.009371709989e-05
7.975951903808e-06,-2.954170655183e-05
8.016032064128e-06,-2.898782506071e-05
8.056112224449e-06,-2.843210660302e-05
8.096192384770e-06,-2.787458533958e-05
8.136272545090e-06,-2.731529561178e-05
8.176352705411e-06,-2.675427193791e-05
8.216432865731e-06,-2.619154900936e-05
8.256513026052e-06,-2.562716168697e-05
8.296593186373e-06,-2.506114499727e-05
8.336673346693e-06,-2.449353412874e-05
8.376753507014e-06,-2.392436442814e-05
8.416833667335e-06,-2.335367139674e-05
8.456913827655e-06,-2.278149068659e-05
8.496993987976e-06,-2.220785809686e-05
8.537074148297e-06,-2.163280957004e-05
8.577154308617e-06,-2.105638118826e-05
8.617234468938e-06,-2.047860916958e-05
8.657314629259e-06,-1.989952986420e-05
8.697394789579e-06,-1.931917975082e-05
8.737474949900e-06,-1.873759543285e-05
8.777555110220e-06,-1.815481363474e-05
8.817635270541e-06,-1.757087119820e-05
8.857715430862e-06,-1.698580507852e-05
8.897795591182e-06,-1.639965234084e-05
8.937875751503e-06,-1.581245015641e-05
8.977955911824e-06,-1.522423579888e-05
9.018036072144e-06,-1.463504664057e-05
9.058116232465e-06,-1.404492014875e-05
9.098196392786e-06,-1.345389388192e-05
9.138276553106e-06,-1.286200548606e-05
9.178356713427e-06,-1.226929269097e-05
9.218436873747e-06,-1.167579330646e-05
9.258517034068e-06,-1.108154521870e-05
9.298597194389e-06,-1.048658638647e-05
9.338677354709e-06,-9.890954837403e-06
9.378757515030e-06,-9.294688664331e-06
9.418837675351e-06,-8.697826021502e-06
9.458917835671e-06,-8.100405120883e-06
9.498997995992e-06,-7.502464228432e-06
9.539078156313e-06,-6.904041660374e-06
9.579158316633e-06,-6.305175779476e-06
9.619238476954e-06,-5.705904991327e-06
9.659318637275e-06,-5.106267740612e-06
9.699398797595e-06,-4.506302507389e-06
9.739478957916e-06,-3.906047803366e-06
9.779559118236e-06,-3.305542168177e-06
9.819639278557e-06,-2.704824165657e-06
9.859719438878e-06,-2.103932380123e-06
9.899799599198e-06,-1.502905412646e-06
9.939879759519e-06,-9.017818773299e-07
9.979959919840e-06,-3.006003975865e-07
1.002004008016e-05,3.006003975865e-07
1.006012024048e-05,9.017818773300e-07
1.010020040080e-05,1.502905412646e-06
1.014028056112e-05,2.103932380123e-06
1.018036072144e-05,2.704824165657e-06
1.022044088176e-05,3.305542168177e-06
1.026052104208e-05,3.906047803366e-06
1.030060120240e-05,4.506302507389e-06
1.034068136273e-05,5.106267740612e-06
1.038076152305e-05,5.705904991327e-06
1.042084168337e-05,6.305175779476e-06
1.046092184369e-05,6.904041660374e-06
1.050100200401e-05,7.502464228432e-06
1.054108216433e-05,8.100405120883e-06
1.058116232465e-05,8.697826021502e-06
1.062124248497e-05,9.294688664331e-06
1.066132264529e-05,9.890954837403e-06
1.070140280561e-05,1.048658638647e-05
1.074148296593e-05,1.108154521870e-05
1.078156312625e-05,1.167579330646e-05
1.082164328657e-05,1.226929269097e-05
1.086172344689e-05,1.286200548606e-05
1.090180360721e-05,1.345389388192e-05
1.094188376754e-05,1.404492014875e-05
1.098196392786e-05,1.463504664057e-05
1.102204408818e-05,1.522423579888e-05
1.106212424850e-05,1.581245015641e-05
1.110220440882e-05,1.639965234084e-05
1.114228456914e-05,1.698580507852e-05
1.118236472946e-05,1.757087119820e-05
1.122244488978e-05,1.815481363474e-05
1.126252505010e-05,1.873759543285e-05
1.130260521042e-05,1.931917975082e-05
1.134268537074e-05,1.989952986420e-05
1.138276553106e-05,2.047860916958e-05
1.142284569138e-05,2.105638118826e-05
1.146292585170e-05,2.163280957004e-05
1.150300601202e-05,2.220785809686e-05
1.154308617234e-05,2.278149068659e-05
1.158316633267e-05,2.335367139674e-05
1.162324649299e-05,2.392436442814e-05
1.166332665331e-05,2.449353412874e-05
1.170340681363e-05,2.506114499727e-05
1.174348697395e-05,2.562716168697e-05
1.178356713427e-05,2.619154900936e-05
1.182364729459e-05,2.675427193791e-05
1.186372745491e-05,2.731529561178e-05
1.190380761523e-05,2.787458533958e-05
1.194388777555e-05,2.843210660302e-05
1.198396793587e-05,2.898782506071e-05
1.202404809619e-05,2.954170655183e-05
1.206412825651e-05,3.009371709989e-05
1.210420841683e-05,3.064382291641e-05
1.214428857715e-05,3.119199040469e-05
1.218436873747e-05,3.173818616350e-05
1.222444889780e-05,3.228237699084e-05
1.226452905812e-05,3.282452988761e-05
1.230460921844e-05,3.336461206138e-05
1.234468937876e-05,3.390259093010e-05
1.238476953908e-05,3.443843412581e-05
1.242484969940e-05,3.497210949838e-05
1.246492985972e-05,3.550358511922e-05
1.250501002004e-05,3.603282928502e-05
1.254509018036e-05,3.655981052147e-05
1.258517034068e-05,3.708449758696e-05
1.262525050100e-05,3.760685947633e-05
1.266533066132e-05,3.812686542459e-05
1.270541082164e-05,3.864448491063e-05
1.274549098196e-05,3.915968766095e-05
1.278557114228e-05,3.967244365341e-05
1.282565130261e-05,4.018272312089e-05
1.286573146293e-05,4.069049655508e-05
1.290581162325e-05,4.119573471017e-05
1.294589178357e-05,4.169840860658e-05
1.298597194389e-05,4.219848953467e-05
1.302605210421e-05,4.269594905849e-05
1.306613226453e-05,4.319075901948e-05
1.310621242485e-05,4.368289154022e-05
1.314629258517e-05,4.417231902812e-05
1.318637274549e-05,4.465901417917e-05
1.322645290581e-05,4.514294998165e-05
1.326653306613e-05,4.562409971984e-05
1.330661322645e-05,4.610243697780e-05
1.334669338677e-05,4.657793564302e-05
1.338677354709e-05,4.705056991019e-05
1.342685370741e-05,4.752031428491e-05
1.346693386774e-05,4.798714358741e-05
1.350701402806e-05,4.845103295629e-05
1.354709418838e-05,4.891195785223e-05
1.358717434870e-05,4.936989406170e-05
1.362725450902e-05,4.982481770070e-05
1.366733466934e-05,5.027670521851e-05
1.370741482966e-05,5.072553340135e-05
1.374749498998e-05,5.117127937616e-05
1.378757515030e-05,5.161392061430e-05
1.382765531062e-05,5.205343493527e-05
1.386773547094e-05,5.248980051044e-05
1.390781563126e-05,5.292299586678e-05
1.394789579158e-05,5.335299989056e-05
1.398797595190e-05,5.377979183112e-05
1.402805611222e-05,5.420335130453e-05
1.406813627255e-05,5.462365829737e-05
1.410821643287e-05,5.504069317042e-05
1.414829659319e-05,5.545443666239e-05
1.418837675351e-05,5.586486989366e-05
1.422845691383e-05,5.627197436999e-05
1.426853707415e-05,5.667573198622e-05
1.430861723447e-05,5.707612503006e-05
1.434869739479e-05,5.747313618573e-05
1.438877755511e-05,5.786674853775e-05
1.442885771543e-05,5.825694557462e-05
1.446893787575e-05,5.864371119259e-05
1.450901803607e-05,5.902702969933e-05
1.454909819639e-05,5.940688581768e-05
1.458917835671e-05,5.978326468938e-05
1.462925851703e-05,6.015615187880e-05
1.466933867735e-05,6.052553337661e-05
1.470941883768e-05,6.089139560358e-05
1.474949899800e-05,6.125372541425e-05
1.478957915832e-05,6.161251010067e-05
1.482965931864e-05,6.196773739613e-05
1.486973947896e-05,6.231939547887e-05
1.490981963928e-05,6.266747297580e-05
1.494989979960e-05,6.301195896626e-05
1.498997995992e-05,6.335284298570e-05
1.503006012024e-05,6.369011502941e-05
1.507014028056e-05,6.402376555628e-05
1.511022044088e-05,6.435378549249e-05
1.515030060120e-05,6.468016623521e-05
1.519038076152e-05,6.500289965641e-05
1.523046092184e-05,6.532197810648e-05
1.527054108216e-05,6.563739441802e-05
1.531062124248e-05,6.594914190955e-05
1.535070140281e-05,6.625721438922e-05
1.539078156313e-05,6.656160615854e-05
1.543086172345e-05,6.686231201612e-05
1.547094188377e-05,6.715932726136e-05
1.551102204409e-05,6.745264769821e-05
1.555110220441e-05,6.774226963886e-05
1.559118236473e-05,6.802818990749e-05
1.563126252505e-05,6.831040584398e-05
1.567134268537e-05,6.858891530763e-05
1.571142284569e-05,6.886371668090e-05
1.575150300601e-05,6.913480887312e-05
1.579158316633e-05,6.940219132421e-05
1.583166332665e-05,6.966586400842e-05
1.587174348697e-05,6.992582743805e-05
1.591182364729e-05,7.018208266713e-05
1.595190380762e-05,7.043463129524e-05
1.599198396794e-05,7.068347547112e-05
1.603206412826e-05,7.092861789647e-05
1.607214428858e-05,7.117006182966e-05
1.611222444890e-05,7.140781108943e-05
1.615230460922e-05,7.164187005864e-05
1.619238476954e-05,7.187224368796e-05
1.623246492986e-05,7.209893749965e-05
1.627254509018e-05,7.232195759121e-05
1.631262525050e-05,7.254131063918e-05
1.635270541082e-05,7.275700390280e-05
1.639278557114e-05,7.296904522775e-05
1.643286573146e-05,7.317744304992e-05
1.647294589178e-05,7.338220639907e-05
1.651302605210e-05,7.358334490257e-05
1.655310621242e-05,7.378086878916e-05
1.659318637275e-05,7.397478889264e-05
1.663326653307e-05,7.416511665557e-05
1.667334669339e-05,7.435186413307e-05
1.671342685371e-05,7.453504399646e-05
1.675350701403e-05,7.471466953703e-05
1.679358717435e-05,7.489075466978e-05
1.683366733467e-05,7.506331393708e-05
1.687374749499e-05,7.523236251245e-05
1.691382765531e-05,7.539791620425e-05
1.695390781563e-05,7.555999145945e-05
1.699398797595e-05,7.571860536729e-05
1.703406813627e-05,7.587377566304e-05
1.707414829659e-05,7.602552073173e-05
1.711422845691e-05,7.617385961186e-05
1.715430861723e-05,7.631881199910e-05
1.719438877756e-05,7.646039825009e-05
1.723446893788e-05,7.659863938605e-05
1.727454909820e-05,7.673355709662e-05
1.731462925852e-05,7.686517374350e-05
1.735470941884e-05,7.699351236421e-05
1.739478957916e-05,7.711859667581e-05
1.743486973948e-05,7.724045107860e-05
1.747494989980e-05,7.735910065990e-05
1.751503006012e-05,7.747457119770e-05
1.755511022044e-05,7.758688916444e-05
1.759519038076e-05,7.769608173071e-05
1.763527054108e-05,7.780217676897e-05
1.767535070140e-05,7.790520285730e-05
1.771543086172e-05,7.800518928308e-05
1.775551102204e-05,7.810216604676e-05
1.779559118236e-05,7.819616386554e-05
1.783567134269e-05,7.828721417712e-05
1.787575150301e-05,7.837534914344e-05
1.791583166333e-05,7.846060165435e-05
1.795591182365e-05,7.854300533138e-05
1.799599198397e-05,7.862259453145e-05
1.803607214429e-05,7.869940435059e-05
1.807615230461e-05,7.877347062767e-05
1.811623246493e-05,7.884482994811e-05
1.815631262525e-05,7.891351964761e-05
1.819639278557e-05,7.897957781589e-05
1.823647294589e-05,7.904304330040e-05
1.827655310621e-05,7.910395571002e-05
1.831663326653e-05,7.916235541882e-05
1.835671342685e-05,7.921828356979e-05
1.839679358717e-05,7.927178207850e-05
1.843687374749e-05,7.932289363691e-05
1.847695390782e-05,7.937166171703e-05
1.851703406814e-05,7.941813057466e-05
1.855711422846e-05,7.946234525313e-05
1.859719438878e-05,7.950435158699e-05
1.863727454910e-05,7.954419620579e-05
1.867735470942e-05,7.958192653772e-05
1.871743486974e-05,7.961759081343e-05
1.875751503006e-05,7.965123806967e-05
1.879759519038e-05,7.968291815306e-05
1.883767535070e-05,7.971268172381e-05
1.887775551102e-05,7.974058025942e-05
1.891783567134e-05,7.976666605843e-05
1.895791583166e-05,7.979099224413e-05
1.899799599198e-05,7.981361276828e-05
1.903807615230e-05,7.983458241484e-05
1.907815631263e-05,7.985395680370e-05
1.911823647295e-05,7.987179239439e-05
1.915831663327e-05,7.988814648981e-05
1.919839679359e-05,7.990307723996e-05
1.923847695391e-05,7.991664364565e-05
1.927855711423e-05,7.992890556223e-05
1.931863727455e-05,7.993992370332e-05
1.935871743487e-05,7.994975964451e-05
1.939879759519e-05,7.995847582712e-05
1.943887775551e-05,7.996613556190e-05
1.947895791583e-05,7.997280303274e-05
1.951903807615e-05,7.997854330044e-05
1.955911823647e-05,7.998342230638e-05
1.959919839679e-05,7.998750687629e-05
1.963927855711e-05,7.999086472393e-05
1.967935871743e-05,7.999356445484e-05
1.971943887776e-05,7.999567557006e-05
1.975951903808e-05,7.999726846987e-05
1.979959919840e-05,7.999841445747e-05
1.983967935872e-05,7.999918574274e-05
1.987975951904e-05,7.999965544595e-05
1.991983967936e-05,7.999989760148e-05
1.995991983968e-05,7.999998716157e-05
2.000000000000e-05,8.000000000000e-05
